INSERT INTO `faculty` (`name`,`address`,`contact_number`,`compulsory_subject`,`number_of_places`)
VALUES
('Англійської мови','Україна. Харків. вул. Шевченка 23','0992312932','Українська,Англійська, Математика',5),
('Географії','Україна. Київ. вул. Франка 71','0993372939','Українська,Географія, Математика',7),
('Української мови','Україна. Київ. вул. Зеленського 1','0993333911','Українська,Математика',6);

INSERT INTO `Graduants` (`first_name`,`last_name`,`email`,`contact_number`,`adress`,`completed_2nd_education`,`faculty_id`,`benefits`)
VALUES
('Іван','Міланович','milanivan@gmail.com','0993728192','Україна. Львів. вул. Котляревського б. 43,кв. 21','Так',1,'Ні'),
('Бенедікт','Камбербетч','mitsikivan@gmail.com','0991798002','Україна. Київ. вул. Англійська б. 2,кв. 13','Ні',2,'Так'),
('Майлі','Сайрус','thebestisthebest@gmail.com','0991811322','Україна. Харків. вул. Сумська б. 21,кв. 73','Ні',3,'Ні'),
('Пітер', 'Хоєс', 'peterhayes@gmail.com', '0748473834', 'Україна, м. Харків, вул. Хмельницького, б. 14, кв.74', 'Так', 3, 'Ні'),
('Антон', 'Антоненко', 'cyberpunk007@gmail.com', '0578471234', 'Україна, м. Львів,  вул. Ентузіастів, б. 13, кв.14', 'Так', 2, 'Ні'),
('Олександр', 'Ковальчук', 'oleksandr_kovalchuk@gmail.com', '0501234567', 'Україна, м. Київ, вул. Володимира Великого, б. 23, кв. 45', 'Так', 1, 'Ні'),
('Марія', 'Іваненко', 'maria.ivanenko@ukr.net', '0662345678', 'Україна, м. Херсон, вул. Троїцька, б. 5, кв. 12', 'Так', 2, 'Так'),
('Олександра', 'Бойко', 'alexandra.boiko@ukr.net', '0673456789', 'Україна, м. Львів, вул. Личаківська, б. 7, кв. 32', 'Так', 3, 'Ні'),
('Дмитро', 'Гринько', 'dmytro.grynko@gmail.com', '0994567890', 'Україна, м. Кропивницький, вул. Малиновського, б. 13, кв. 21', 'Так', 1, 'Ні'),
('Катерина', 'Ткачук', 'katerina.tkachuk@ukr.net', '0955678901', 'Україна, м. Харків, вул. Полтавська, б. 19, кв. 8', 'Так', 2, 'Так'),
('Віталій', 'Коваленко', 'vitaliy.kovalenko@gmail.com', '0936789012', 'Україна, м. Запоріжжя, вул. Жукова, б. 4, кв. 17', 'Ні', 3, 'Ні'),
('Наталія', 'Хоменко', 'natalia.khomenko@ukr.net', '0987890123', 'Україна, м. Львів, вул. Крива Липа, б. 9, кв. 2', 'Так', 1, 'Так'),
('Ігор', 'Грищук', 'igor.hryshchuk@gmail.com', '0678901234', 'Україна, м. Луцьк, вул. Винниченка, б. 12, кв. 4', 'Так', 2, 'Ні'),
('Євгенія', 'Мельник', 'yevgeniya.melnik@ukr.net', '0969012345', 'Україна, м. Хмельницький, вул. Соборна, б. 7, кв. 3', 'Так', 3, 'Ні'),
('Ірина', 'Кравчук', 'irina.kravchuk@gmail.com', '0987654321', 'Україна, м. Київ, вул. Володимирська, б. 20, кв. 5', 'Так', 1, 'Ні'),
('Марія', 'Бондаренко', 'mariia.bondarenko@gmail.com', '0731234567', 'Україна, м. Львів, вул. Липова, б. 5, кв. 7', 'Так', 2, 'Так'),
('Олег', 'Бондарчук', 'oleg.bondarchuk@gmail.com', '0501112233', 'Україна, м. Харків, вул. Свободи, б. 14, кв. 15', 'Ні', 3, 'Ні'),
('Андрій', 'Ковальчук', 'andrii.kovalchuk@gmail.com', '0675554433', 'Україна, м. Одеса, вул. Базарна, б. 8, кв. 10', 'Так', 1, 'Так'),
('Оксана', 'Семенчук', 'oksana.semenchuk@gmail.com', '0667778899', 'Україна, м. Луцьк, вул. Козацька, б. 2, кв. 25', 'Так', 2, 'Ні'),
('Юрій', 'Кравченко', 'yurii.kravchenko@gmail.com', '0992468135', 'Україна, м. Дніпро, вул. Пушкінська, б. 11, кв. 4', 'Так', 3, 'Так'),
('Світлана', 'Мельник', 'svitlana.melnik@gmail.com', '0981112233', 'Україна, м. Рівне, вул. Соборна, б. 7, кв. 3', 'Так', 1, 'Ні'),
('Артем', 'Бабенко', 'artem.babenko@gmail.com', '0631234567', 'Україна, м. Київ, вул. Саксаганського, б. 25, кв. 18', 'Так', 2, 'Ні'),
('Олена', 'Лисенко', 'olena.lysenko@gmail.com', '0674445566', 'Україна, м. Львів, вул. Січових Стрільців, б. 8, кв. 12', 'Так', 3, 'Так'),
('Василь', 'Марчук', 'vasyl.marchuk@gmail.com', '0992468135', 'Україна, м. Чернівці, вул. Широкова, б. 31', 'Так', 2, 'Ні'),
('Юлія', 'Данилюк', 'julia.danyliuk@gmail.com', '0671234567', 'Україна, м. Київ, вул. Грушевського, б. 25, кв. 123', 'Так', 2, 'Ні'),
('Андрій', 'Іваненко', 'andriy.ivanenko@gmail.com', '0509876543', 'Україна, м. Дніпро, вул. Січеславська Набережна, б. 1, кв. 34', 'Так', 3, 'Ні'),
('Іван', 'Кравець', 'ivan.kravets@gmail.com', '0635555555', 'Україна, м. Одеса, вул. Базарна, б. 10, кв. 5', 'Ні', 1, 'Ні'),
('Марина', 'Козаченко', 'marina.kozachenko@gmail.com', '0981234567', 'Україна, м. Львів, вул. Бандери, б. 5, кв. 9', 'Так', 2, 'Ні'),
('Ігор', 'Ковальов', 'igor.kovalov@gmail.com', '0661112233', 'Україна, м. Харків, вул. Сумська, б. 18, кв. 42', 'Так', 3, 'Ні'),
('Оксана', 'Мельник', 'oksana.melnik@gmail.com', '0731234567', 'Україна, м. Київ, вул. Мельникова, б. 2, кв. 7', 'Так', 1, 'Ні'),
('Максим', 'Петренко', 'max.petrenko@gmail.com', '0504444444', 'Україна, м. Львів, вул. Княгині Ольги, б. 3, кв. 16', 'Ні', 2, 'Так'),
('Тетяна', 'Руденко', 'tanya.rudenko@gmail.com', '0961234567', 'Україна, м. Одеса, вул. Дерибасівська, б. 1, кв. 3', 'Так', 3, 'Ні'),
('Віктор', 'Самойленко', 'victor.samoilenko@gmail.com', '0672223344', 'Україна, м. Дніпро, вул. Титова, б. 5, кв. 12', 'Так', 1, 'Ні'),
('Олена', 'Сидоренко', 'olena.sidorenko@gmail.com', '0931234567', 'Україна, м. Львів, вул. Зелена, б. 10, кв. 2', 'Так', 1, 'Ні');

INSERT INTO `Exams_results` (`faculty_id`,`graduants_id`,`average_score`,`status`)
VALUES
(1,1,'Розраховується','Розраховується'),
(2,2,'Розраховується','Розраховується'),
(3,3,'Розраховується','Розраховується'),

(3,4,'Розраховується','Розраховується'),
(2,5,'Розраховується','Розраховується'),
(1,6,'Розраховується','Розраховується'),

(2,7,'Розраховується','Розраховується'),
(3,8,'Розраховується','Розраховується'),
(1,9,'Розраховується','Розраховується'),

(2,10,'Розраховується','Розраховується'),
(3,11,'Розраховується','Розраховується'),
(1,12,'Розраховується','Розраховується'),

(2,13,'Розраховується','Розраховується'),
(3,14,'Розраховується','Розраховується'),
(1,15,'Розраховується','Розраховується'),

(2,16,'Розраховується','Розраховується'),
(3,17,'Розраховується','Розраховується'),
(1,18,'Розраховується','Розраховується'),

(2,19,'Розраховується','Розраховується'),
(3,20,'Розраховується','Розраховується'),
(1,21,'Розраховується','Розраховується'),

(2,22,'Розраховується','Розраховується'),
(3,23,'Розраховується','Розраховується'),
(2,24,'Розраховується','Розраховується'),

(3,25,'Розраховується','Розраховується'),
(1,26,'Розраховується','Розраховується'),
(2,27,'Розраховується','Розраховується'),

(3,28,'Розраховується','Розраховується'),
(1,29,'Розраховується','Розраховується'),
(2,30,'Розраховується','Розраховується'),

(3,31,'Розраховується','Розраховується'),
(1,32,'Розраховується','Розраховується'),
(1,33,'Розраховується','Розраховується'),
(1,34,'Розраховується','Розраховується');


INSERT INTO `Teacher` (`teacher_id`,`first_name`,`last_name`,`subject`,`contact_number`)
VALUES
(1, 'Памела','Редмінд', 'Українська мова', '0503892723'),
(2, 'Трікс', 'Ходксон', 'Математика', '0756473831'),
(3, 'Віта', 'Холмс', 'Англійська', '0957721945'),
(4, 'Халберт', 'Кінсмен', 'Фізика', '0667329343'),
(5, 'Маія', 'Коннер', 'Географія', '0992372329');


INSERT INTO `Scores` (`teacher_id`,`graduants_id`,`date`,`score`,`subject`)
VALUES
(2, 3, '2022-06-29', 183, 'Математика'),
(1, 3, '2022-06-25', 179, 'Українська мова'),
(3, 3, '2022-07-03', 187, 'Англійська'),

(2, 1, '2022-06-29', 189, 'Математика'),
(1, 1, '2022-06-25', 197, 'Українська мова'),
(4, 1, '2022-07-02', 173, 'Фізика'),

(2, 2, '2022-06-29', 168, 'Математика'),
(1, 2, '2022-06-25', 175, 'Українська мова'),
(5, 2, '2022-07-01', 182, 'Географія'),

(1, 4, '2022-06-25', 197, 'Українська мова'),
(2, 4, '2022-06-29', 189, 'Математика'),
(4, 4, '2022-07-02', 173, 'Фізика'),

(1, 5, '2022-06-25', 69, 'Українська мова'),
(2, 5, '2022-06-29', 94, 'Математика'),
(5, 5, '2022-07-01', 120, 'Географія'),

(1, 6, '2022-06-25', 179, 'Українська мова'),
(3, 6, '2022-07-03', 187, 'Англійська'),
(2, 6, '2022-06-29', 183, 'Математика'),

(2, 7, '2022-07-02', 177, 'Математика'),
(5, 7, '2022-07-01', 193, 'Географія'),
(1, 7, '2022-06-25', 165, 'Українська мова'),

(2, 8, '2022-06-29', 160, 'Математика'),
(3, 8, '2022-07-03', 175, 'Англійська'),
(5, 8, '2022-07-01', 185, 'Українська мова'),

(1, 9, '2022-06-25', 181, 'Українська мова'),
(3, 9, '2022-07-03', 168, 'Англійська'),             
(4, 9, '2022-07-02', 195, 'Математика'),

(5, 10, '2022-07-01', 100, 'Географія'),
(2, 10, '2022-06-29', 123, 'Математика'),
(1, 10, '2022-06-25', 98, 'Українська мова'),

(2, 11, '2022-06-29', 172, 'Математика'),
(1, 11, '2022-06-25', 161, 'Українська мова'),
(3, 11, '2022-07-03', 174, 'Англійська'),

(2, 12, '2022-06-29', 192, 'Математика'),
(1, 12, '2022-06-25', 176, 'Українська мова'),
(4, 12, '2022-07-02', 176, 'Фізика'),

(3, 13, '2022-07-03', 191, 'Англійська'),
(2, 13, '2022-06-29', 185, 'Математика'),
(1, 13, '2022-06-25', 178, 'Українська мова'), 

(2, 14, '2022-06-29', 190, 'Математика'),
(1, 14, '2022-06-25', 182, 'Українська мова'),
(5, 14, '2022-07-01', 194, 'Географія'),

(2, 15, '2022-06-29', 145, 'Математика'),
(1, 15, '2022-06-25', 171, 'Українська мова'),
(4, 15, '2022-07-06', 168, 'Фізика'),

(2, 16, '2022-06-29', 95, 'Математика'),
(1, 16, '2022-06-25', 131, 'Українська мова'),
(3, 16, '2022-07-03', 125, 'Англійська'),

(2, 17, '2022-06-29', 189, 'Математика'),
(1, 17, '2022-06-25', 197, 'Українська мова'),
(4, 17, '2022-07-02', 173, 'Фізика'),

(2, 18, '2022-06-29', 168, 'Математика'),
(1, 18, '2022-06-25', 175, 'Українська мова'),
(5, 18, '2022-07-01', 182, 'Географія'),

(3, 19, '2022-07-03', 155, 'Англійська'),
(2, 19, '2022-06-29', 160, 'Математика'),
(1, 19, '2022-07-02', 150, 'Українська мова'),

(1, 20, '2022-06-25', 166, 'Українська мова'),
(5, 20, '2022-07-01', 177, 'Географія'),
(2, 20, '2022-07-03', 171, 'Математика'),

(4, 21, '2022-07-02', 184, 'Фізика'),
(2, 21, '2022-07-01', 178, 'Математика'),
(1, 21, '2022-06-25', 180, 'Українська мова'),

(2, 22, '2022-07-01', 167, 'Математика'),
(3, 22, '2022-07-03', 186, 'Англійська'),
(2, 22, '2022-07-04', 148, 'Українська мова'),

(2, 23, '2022-07-01', 195, 'Математика'),
(1, 23, '2022-06-25', 190, 'Українська мова'),
(3, 23, '2022-07-03', 181, 'Англійська'),

(1, 24, '2022-07-03', 187, 'Українська мова'),
(4, 24, '2022-07-04', 164, 'Фізика'),
(2, 24, '2022-07-05', 177, 'Математика'),

(2, 25, '2022-06-29', 168, 'Математика'),
(1, 25, '2022-06-25', 175, 'Українська мова'),
(5, 25, '2022-07-01', 182, 'Географія'),

(1, 26, '2022-07-02', 173, 'Українська мова'),
(5, 26, '2022-07-05', 161, 'Географія'),
(2, 26, '2022-06-29', 189, 'Математика'),

(1, 27, '2022-06-25', 192, 'Українська мова'),
(2, 27, '2022-07-01', 160, 'Математика'),
(3, 27, '2022-07-03', 179, 'Англійська'),

(1, 28, '2022-07-03', 184, 'Українська мова'),
(5, 28, '2022-07-05', 155, 'Географія'),
(2, 28, '2022-07-01', 188, 'Математика'),

(4, 29, '2022-07-04', 171, 'Фізика'),
(1, 29, '2022-06-25', 179, 'Українська мова'),
(2, 29, '2022-06-29', 183, 'Математика'),

(3, 30, '2022-07-15', 154, 'Англійська'),
(2, 30, '2022-07-12', 163, 'Математика'),
(1, 30, '2022-07-10', 169, 'Українська мова'),

(5, 31, '2022-07-22', 162, 'Географія'),
(2, 31, '2022-07-12', 167, 'Математика'),
(1, 31, '2022-07-10', 179, 'Українська мова'),

(2, 32, '2022-07-16', 171, 'Математика'),
(1, 32, '2022-07-14', 192, 'Українська мова'),
(4, 32, '2022-07-19', 155, 'Фізика'),

(3, 33, '2022-06-26', 184, 'Англійська'),
(2, 33, '2022-06-24', 168, 'Математика'),
(1, 33, '2022-06-23', 191, 'Українська мова'),

(5, 34, '2022-06-09', 180, 'Географія'),
(4, 34, '2022-06-08', 175, 'Фізика'),
(3, 34, '2022-06-07', 185, 'Англійська');

INSERT INTO `exams` (`name`,`teacher_id`,`date`,`min_passing_score`,`time`,`faculty_id`)
VALUES
('Математика',2,"2022-06-22",150,"02:30:00", 1),
('Українська мова',1,"2022-06-18",150,"02:30:00",1),
('Англійська',3,"2022-07-27",130,"01:30:00",1),
('Географія',5,"2022-07-26",130,"01:30:00",2),
('Фізика',4,"2022-07-25",120,"01:30:00",3);


SELECT * FROM `faculty`;
SELECT * FROM `exams`;
SELECT * FROM `Scores`;
SELECT * FROM `Exams_results`;
SELECT * FROM `Teacher`;
SELECT * FROM `Graduants`;